<?xml version="1.0" encoding="utf-8" ?><dwsync><file name="bordered-pulled.less" server="deltabusinessapplications.com" local="3504570532" remote="3511728300" Dst="-1" /><file name="fixed-width.less" server="deltabusinessapplications.com" local="3504570532" remote="3511728300" Dst="-1" /><file name="core.less" server="deltabusinessapplications.com" local="3504570532" remote="3511728300" Dst="-1" /><file name="font-awesome.less" server="deltabusinessapplications.com" local="3504570532" remote="3511728300" Dst="-1" /><file name="larger.less" server="deltabusinessapplications.com" local="3504570532" remote="3511728300" Dst="-1" /><file name="list.less" server="deltabusinessapplications.com" local="3504570532" remote="3511728300" Dst="-1" /><file name="icons.less" server="deltabusinessapplications.com" local="3504570532" remote="3511728300" Dst="-1" /><file name="mixins.less" server="deltabusinessapplications.com" local="3504570532" remote="3511728300" Dst="-1" /><file name="path.less" server="deltabusinessapplications.com" local="3504570532" remote="3511728300" Dst="-1" /><file name="spinning.less" server="deltabusinessapplications.com" local="3504570532" remote="3511728300" Dst="-1" /><file name="rotated-flipped.less" server="deltabusinessapplications.com" local="3504570532" remote="3511728300" Dst="-1" /><file name="stacked.less" server="deltabusinessapplications.com" local="3504570532" remote="3511728300" Dst="-1" /><file name="variables.less" server="deltabusinessapplications.com" local="3504570532" remote="3511728300" Dst="-1" /><file name=".DS_Store" server="deltabusinessapplications.com" local="3512033561" remote="3511729020" Dst="-1" /></dwsync>