<?xml version="1.0" encoding="utf-8" ?><dwsync><file name=".DS_Store" server="deltabusinessapplications.com//" local="3504053984" remote="3504046680" Dst="-1" /><file name=".DS_Store" server="ftp.perceptioneyewear.com/public_html/" local="3507592267" remote="3507597699" Dst="-1" /><file name="Costa_del_Mar.jpg" server="ftp.perceptioneyewear.com/public_html/" local="3507591858" remote="3507597700" Dst="-1" /><file name="marc_by_marc_jacobs.png" server="ftp.perceptioneyewear.com/public_html/" local="3507591326" remote="3507597702" Dst="-1" /><file name="oakley.jpg" server="ftp.perceptioneyewear.com/public_html/" local="3507591324" remote="3507597702" Dst="-1" /><file name="Ray_Ban.png" server="ftp.perceptioneyewear.com/public_html/" local="3502119232" remote="3507597703" Dst="-1" /><file name="rudy_project.jpg" server="ftp.perceptioneyewear.com/public_html/" local="3507591321" remote="3507597703" Dst="-1" /><file name="tom_ford.png" server="ftp.perceptioneyewear.com/public_html/" local="3507591321" remote="3507597703" Dst="-1" /><file name="Von_zipper.jpg" server="ftp.perceptioneyewear.com/public_html/" local="3507591318" remote="3507597704" Dst="-1" /><file name=".DS_Store" server="deltabusinessapplications.com" local="3510180960" remote="3510292020" Dst="-1" /><file name="marc_by_marc_jacobs.png" server="deltabusinessapplications.com" local="3507591326" remote="3510023400" Dst="-1" /><file name="MauiJim.jpg" server="deltabusinessapplications.com" local="3510014928" remote="3510023400" Dst="-1" /><file name="oakley.jpg" server="deltabusinessapplications.com" local="3507591324" remote="3510023400" Dst="-1" /><file name="Costa_del_Mar.jpg" server="deltabusinessapplications.com" local="3507591858" remote="3510023400" Dst="-1" /><file name="Ray_Ban.png" server="deltabusinessapplications.com" local="3502119232" remote="3510023400" Dst="-1" /><file name="spy.jpg" server="deltabusinessapplications.com" local="3510014951" remote="3510023400" Dst="-1" /><file name="rudy_project.jpg" server="deltabusinessapplications.com" local="3507591321" remote="3510023400" Dst="-1" /><file name="tom_ford.png" server="deltabusinessapplications.com" local="3507591321" remote="3510023400" Dst="-1" /><file name="Von_zipper.jpg" server="deltabusinessapplications.com" local="3507591318" remote="3510023400" Dst="-1" /><file name="adidas.jpg" server="deltabusinessapplications.com" local="3510271146" remote="3510292020" Dst="-1" /><file name="arnette.jpg" server="deltabusinessapplications.com" local="3510271158" remote="3510292020" Dst="-1" /><file name="bolle.jpg" server="deltabusinessapplications.com" local="3510269223" remote="3510292020" Dst="-1" /><file name="carrera.jpg" server="deltabusinessapplications.com" local="3510269251" remote="3510292020" Dst="-1" /><file name="juicycouture.jpg" server="deltabusinessapplications.com" local="3510269267" remote="3510292020" Dst="-1" /><file name="polariod.jpg" server="deltabusinessapplications.com" local="3510271216" remote="3510292020" Dst="-1" /><file name="wileyx.jpg" server="deltabusinessapplications.com" local="3510269281" remote="3510292020" Dst="-1" /><file name="smith.jpg" server="deltabusinessapplications.com" local="3510271228" remote="3510292020" Dst="-1" /><file name=".DS_Store" server="ftp.perceptionsun.com//home/perceptsun/public_html/" local="3510180960" remote="3510315948" Dst="-1" /><file name="adidas.jpg" server="ftp.perceptionsun.com//home/perceptsun/public_html/" local="3510271146" remote="3510315948" Dst="-1" /><file name="arnette.jpg" server="ftp.perceptionsun.com//home/perceptsun/public_html/" local="3510271158" remote="3510315949" Dst="-1" /><file name="bolle.jpg" server="ftp.perceptionsun.com//home/perceptsun/public_html/" local="3510269223" remote="3510315949" Dst="-1" /><file name="carrera.jpg" server="ftp.perceptionsun.com//home/perceptsun/public_html/" local="3510269251" remote="3510315949" Dst="-1" /><file name="Costa_del_Mar.jpg" server="ftp.perceptionsun.com//home/perceptsun/public_html/" local="3507591858" remote="3510315952" Dst="-1" /><file name="juicycouture.jpg" server="ftp.perceptionsun.com//home/perceptsun/public_html/" local="3510269267" remote="3510315952" Dst="-1" /><file name="marc_by_marc_jacobs.png" server="ftp.perceptionsun.com//home/perceptsun/public_html/" local="3507591326" remote="3510315952" Dst="-1" /><file name="MauiJim.jpg" server="ftp.perceptionsun.com//home/perceptsun/public_html/" local="3510014928" remote="3510315953" Dst="-1" /><file name="oakley.jpg" server="ftp.perceptionsun.com//home/perceptsun/public_html/" local="3507591324" remote="3510315953" Dst="-1" /><file name="polariod.jpg" server="ftp.perceptionsun.com//home/perceptsun/public_html/" local="3510271216" remote="3510315953" Dst="-1" /><file name="Ray_Ban.png" server="ftp.perceptionsun.com//home/perceptsun/public_html/" local="3502119232" remote="3510315953" Dst="-1" /><file name="rudy_project.jpg" server="ftp.perceptionsun.com//home/perceptsun/public_html/" local="3507591321" remote="3510315954" Dst="-1" /><file name="smith.jpg" server="ftp.perceptionsun.com//home/perceptsun/public_html/" local="3510271228" remote="3510315954" Dst="-1" /><file name="spy.jpg" server="ftp.perceptionsun.com//home/perceptsun/public_html/" local="3510014951" remote="3510315955" Dst="-1" /><file name="tom_ford.png" server="ftp.perceptionsun.com//home/perceptsun/public_html/" local="3507591321" remote="3510315955" Dst="-1" /><file name="Von_zipper.jpg" server="ftp.perceptionsun.com//home/perceptsun/public_html/" local="3507591318" remote="3510315955" Dst="-1" /><file name="wileyx.jpg" server="ftp.perceptionsun.com//home/perceptsun/public_html/" local="3510269281" remote="3510315956" Dst="-1" /></dwsync>