<?xml version="1.0" encoding="utf-8" ?><dwsync><file name="_bordered-pulled.scss" server="deltabusinessapplications.com" local="3504570532" remote="3511728300" Dst="-1" /><file name="_core.scss" server="deltabusinessapplications.com" local="3504570532" remote="3511728300" Dst="-1" /><file name="_fixed-width.scss" server="deltabusinessapplications.com" local="3504570532" remote="3511728300" Dst="-1" /><file name="_larger.scss" server="deltabusinessapplications.com" local="3504570532" remote="3511728300" Dst="-1" /><file name="_icons.scss" server="deltabusinessapplications.com" local="3504570532" remote="3511728300" Dst="-1" /><file name="_list.scss" server="deltabusinessapplications.com" local="3504570532" remote="3511728300" Dst="-1" /><file name="_path.scss" server="deltabusinessapplications.com" local="3504570532" remote="3511728300" Dst="-1" /><file name="_rotated-flipped.scss" server="deltabusinessapplications.com" local="3504570532" remote="3511728300" Dst="-1" /><file name="_mixins.scss" server="deltabusinessapplications.com" local="3504570532" remote="3511728300" Dst="-1" /><file name="_spinning.scss" server="deltabusinessapplications.com" local="3504570532" remote="3511728300" Dst="-1" /><file name="_stacked.scss" server="deltabusinessapplications.com" local="3504570532" remote="3511728300" Dst="-1" /><file name="_variables.scss" server="deltabusinessapplications.com" local="3504570532" remote="3511728300" Dst="-1" /><file name="font-awesome.scss" server="deltabusinessapplications.com" local="3504570532" remote="3511728300" Dst="-1" /><file name=".DS_Store" server="deltabusinessapplications.com" local="3512033562" remote="3511729020" Dst="-1" /></dwsync>