<?xml version="1.0" encoding="utf-8" ?><dwsync><file name="bg_border.png" server="deltabusinessapplications.com" local="3473912184" remote="3510838440" Dst="-1" /><file name="gallery2.jpg" server="deltabusinessapplications.com" local="3510847004" remote="3510838440" Dst="-1" /><file name="gallery1.JPG" server="deltabusinessapplications.com" local="3510846877" remote="3510838440" Dst="-1" /><file name="gallery3.jpg" server="deltabusinessapplications.com" local="3510847005" remote="3510838440" Dst="-1" /><file name="gallery4.jpg" server="deltabusinessapplications.com" local="3510847006" remote="3510838440" Dst="-1" /><file name="girl1.jpg" server="deltabusinessapplications.com" local="3482226128" remote="3510838440" Dst="-1" /><file name="girl2.jpg" server="deltabusinessapplications.com" local="3482219606" remote="3510838440" Dst="-1" /><file name="girl3.jpg" server="deltabusinessapplications.com" local="3482220602" remote="3510838440" Dst="-1" /><file name="iframe1.png" server="deltabusinessapplications.com" local="3482289462" remote="3510838440" Dst="-1" /><file name="iframe2.png" server="deltabusinessapplications.com" local="3482289462" remote="3510838440" Dst="-1" /><file name="iframe3.png" server="deltabusinessapplications.com" local="3482289462" remote="3510838440" Dst="-1" /><file name="iframe4.png" server="deltabusinessapplications.com" local="3482289462" remote="3510838440" Dst="-1" /><file name="logo.png" server="deltabusinessapplications.com" local="3510787042" remote="3510838440" Dst="-1" /><file name="map.png" server="deltabusinessapplications.com" local="3473822078" remote="3510838440" Dst="-1" /><file name="new.png" server="deltabusinessapplications.com" local="3473744750" remote="3510838440" Dst="-1" /><file name="partner1.png" server="deltabusinessapplications.com" local="3473743810" remote="3510838440" Dst="-1" /><file name="partner2.png" server="deltabusinessapplications.com" local="3473743840" remote="3510838440" Dst="-1" /><file name="partner3.png" server="deltabusinessapplications.com" local="3473743884" remote="3510838440" Dst="-1" /><file name="partner4.png" server="deltabusinessapplications.com" local="3473743910" remote="3510838440" Dst="-1" /><file name="pricing.png" server="deltabusinessapplications.com" local="3473741760" remote="3510838440" Dst="-1" /><file name="product1.jpg" server="deltabusinessapplications.com" local="3510846878" remote="3510838440" Dst="-1" /><file name="product2.jpg" server="deltabusinessapplications.com" local="3510846862" remote="3510838440" Dst="-1" /><file name="product3.jpg" server="deltabusinessapplications.com" local="3510847071" remote="3510838440" Dst="-1" /><file name="product5.jpg" server="deltabusinessapplications.com" local="3510847091" remote="3510838440" Dst="-1" /><file name="product4.jpg" server="deltabusinessapplications.com" local="3510846858" remote="3510838440" Dst="-1" /><file name="product6.jpg" server="deltabusinessapplications.com" local="3510846861" remote="3510838500" Dst="-1" /><file name="recommend1.jpg" server="deltabusinessapplications.com" local="3510846864" remote="3510838500" Dst="-1" /><file name="recommend2.jpg" server="deltabusinessapplications.com" local="3510846859" remote="3510838500" Dst="-1" /><file name="sale.png" server="deltabusinessapplications.com" local="3473744776" remote="3510838500" Dst="-1" /><file name="recommend3.jpg" server="deltabusinessapplications.com" local="3510846845" remote="3510838500" Dst="-1" /><file name="searchicon.png" server="deltabusinessapplications.com" local="3473835442" remote="3510838500" Dst="-1" /><file name="shipping.jpg" server="deltabusinessapplications.com" local="3474113564" remote="3510838500" Dst="-1" /><file name="slide2.jpg" server="deltabusinessapplications.com" local="3510829394" remote="3510838500" Dst="-1" /><file name="slide1.jpg" server="deltabusinessapplications.com" local="3510790464" remote="3510838500" Dst="-1" /><file name="slide3.jpg" server="deltabusinessapplications.com" local="3510830030" remote="3510838500" Dst="-1" /><file name="gallery1.jpg" server="deltabusinessapplications.com" local="3510846877" remote="3510839700" Dst="-1" /></dwsync>